<?xml version="1.0"?>
<Container version="2">
  <Name>media-saber-go</Name>
  <Repository>qqaazz.msaber.fun/xylplm/media-saber:latest</Repository>
  <Registry>https://hub.docker.com/r/xylplm/media-saber/</Registry>
  <Network>host</Network>
  <MyIP/>
  <Shell>sh</Shell>
  <Privileged>true</Privileged>
  <Support>https://wiki.msaber.fun/docs/start/info/</Support>
  <Project>https://wiki.msaber.fun/</Project>
  <Overview>https://github.com/xylplm/media-saber-wiki</Overview>
  <Category>&#x4E00;&#x6B3E;&#x65B9;&#x4FBF;&#x597D;&#x7528;&#x7684;&#x5A92;&#x4F53;&#x7BA1;&#x7406;&#x5DE5;&#x5177;</Category>
  <WebUI>http://[IP]:[PORT:8888]</WebUI>
  <TemplateURL/>
  <Icon>https://wiki.msaber.fun/img/logo.png</Icon>
  <ExtraParams>--restart=unless-stopped</ExtraParams>
  <PostArgs/>
  <CPUset/>
  <DateInstalled>1744810255</DateInstalled>
  <DonateText/>
  <DonateLink/>
  <Requires/>
  <Config Name="PUID" Target="PUID" Default="0" Mode="" Description="&#x7528;&#x6237;&#x5BF9;&#x5E94;&#x7684;ID" Type="Variable" Display="always" Required="false" Mask="false">0</Config>
  <Config Name="PGID" Target="PGID" Default="0" Mode="" Description="&#x7528;&#x6237;&#x4E3B;&#x5BF9;&#x5E94;&#x7684;ID" Type="Variable" Display="always" Required="false" Mask="false">0</Config>
  <Config Name="Media Path" Target="/media" Default="/mnt/user/your media path" Mode="rw" Description="&#x5A92;&#x4F53;&#x6587;&#x4EF6;&#x8DEF;&#x5F84;, &#x53EF;&#x4EE5;&#x4E00;&#x4E2A;&#x5927;&#x76EE;&#x5F55;, &#x4E5F;&#x53EF;&#x4EE5;&#x591A;&#x65B0;&#x589E;&#x51E0;&#x4E2A;&#x5C0F;&#x76EE;&#x5F55;&#x6302;&#x8F7D;" Type="Path" Display="always" Required="true" Mask="false">设置媒体文件路径</Config>
  <Config Name="Link Media Path" Target="/linkMedia" Default="/mnt/user/your link media path" Mode="rw" Description="&#x786C;&#x94FE;&#x63A5;&#x5A92;&#x4F53;&#x6587;&#x4EF6;&#x8DEF;&#x5F84;, &#x53EF;&#x4EE5;&#x4E00;&#x4E2A;&#x5927;&#x76EE;&#x5F55;, &#x4E5F;&#x53EF;&#x4EE5;&#x591A;&#x65B0;&#x589E;&#x51E0;&#x4E2A;&#x5C0F;&#x76EE;&#x5F55;&#x6302;&#x8F7D;" Type="Path" Display="always" Required="true" Mask="false">设置硬链接媒体文件路径</Config>
  <Config Name="Config Path" Target="/app/config  " Default="" Mode="rw" Description="&#x914D;&#x7F6E;&#x6587;&#x4EF6;&#x5730;&#x5740;" Type="Path" Display="always" Required="true" Mask="false">/mnt/user/appdata/mediaSaber-go/config</Config>
  <Config Name="TZ" Target="TZ" Default="" Mode="" Description="" Type="Variable" Display="always" Required="false" Mask="false">Asia/Shanghai</Config>
  <Config Name="MS_PORT" Target="MS_PORT" Default="" Mode="" Description="" Type="Variable" Display="always" Required="false" Mask="false">8888</Config>
  <Config Name="MS_REDIS_HOST" Target="MS_REDIS_HOST" Default="" Mode="" Description="redis ip:&#x7AEF;&#x53E3;" Type="Variable" Display="always" Required="false" Mask="false">设置unraid的IP:6379</Config>
  <Config Name="MS_REDIS_PASS" Target="MS_REDIS_PASS" Default="" Mode="" Description="redis&#x5BC6;&#x7801;" Type="Variable" Display="always" Required="false" Mask="false">设置redis的密码</Config>
  <Config Name="MS_TIMEOUT" Target="MS_TIMEOUT" Default="" Mode="" Description="" Type="Variable" Display="always" Required="false" Mask="false">60000</Config>
  <Config Name="MS_PGSQL_USERNAME" Target="MS_PGSQL_USERNAME" Default="" Mode="" Description="" Type="Variable" Display="always" Required="false" Mask="false">postgres</Config>
  <Config Name="MS_PGSQL_PASSWORD" Target="MS_PGSQL_PASSWORD" Default="" Mode="" Description="" Type="Variable" Display="always" Required="false" Mask="false">ms888888</Config>
  <Config Name="MS_PGSQL_PATH" Target="MS_PGSQL_PATH" Default="" Mode="" Description="&#x66FF;&#x6362;&#x4E3A;pgsql&#x6240;&#x5728;&#x670D;&#x52A1;&#x5668;&#x7684;&#x5B9E;&#x9645;IP" Type="Variable" Display="always" Required="false" Mask="false">设置unraid的IP</Config>
  <Config Name="MS_PGSQL_PORT" Target="MS_PGSQL_PORT" Default="" Mode="" Description="&#x7AEF;&#x53E3;&#x4E00;&#x822C;&#x4FDD;&#x6301;&#x4E3A;5432" Type="Variable" Display="always" Required="false" Mask="false">5431</Config>
  <Config Name="MS_PGSQL_DBNAME" Target="MS_PGSQL_DBNAME" Default="" Mode="" Description="" Type="Variable" Display="always" Required="false" Mask="false">ms</Config>
  <Config Name="MS_AUTH_EMAIL" Target="MS_AUTH_EMAIL" Default="" Mode="" Description="&#x8BA4;&#x8BC1;&#x90AE;&#x7BB1;" Type="Variable" Display="always" Required="false" Mask="false">设置你的邮箱</Config>
  <Config Name="MS_AUTH_SLOGAN" Target="MS_AUTH_SLOGAN" Default="" Mode="" Description="&#x8BA4;&#x8BC1;&#x53E3;&#x4EE4;" Type="Variable" Display="always" Required="false" Mask="false">设置MS的认证口令</Config>
  <Config Name="MS_LOG_LEVEL" Target="MS_LOG_LEVEL" Default="" Mode="" Description="" Type="Variable" Display="always" Required="false" Mask="false">debug</Config>
  <Config Name="MS_PGSQL_LOG_MODE" Target="MS_PGSQL_LOG_MODE" Default="" Mode="" Description="ports" Type="Variable" Display="always" Required="false" Mask="false">silent</Config>
  <Config Name="MS_LOG_KEEP_DAYS" Target="MS_LOG_KEEP_DAYS" Default="" Mode="" Description="&#x65E5;&#x5FD7;&#x4FDD;&#x7559;&#x5929;&#x6570;&#xFF0C;&#x53EA;&#x6709;&#x5728;&#x6587;&#x4EF6;&#x6A21;&#x5F0F;&#x624D;&#x4F1A;&#x751F;&#x6548;" Type="Variable" Display="always" Required="false" Mask="false">1</Config>
  <Config Name="UMASK" Target="UMASK" Default="" Mode="" Description="" Type="Variable" Display="always" Required="false" Mask="false">022</Config>
  <TailscaleStateDir/>
</Container>
