<?xml version="1.0"?>
<Container version="2">
  <Name>pgsql</Name>
  <Repository>postgres:17-alpine</Repository>
  <Registry/>
  <Network>bridge</Network>
  <MyIP/>
  <Shell>sh</Shell>
  <Privileged>false</Privileged>
  <Support/>
  <Project/>
  <Overview/>
  <Category/>
  <WebUI/>
  <TemplateURL/>
  <Icon/>
  <ExtraParams/>
  <PostArgs/>
  <CPUset/>
  <DateInstalled>1744810203</DateInstalled>
  <DonateText/>
  <DonateLink/>
  <Requires/>
  <Config Name="config" Target="/var/lib/postgresql/data" Default="" Mode="rw" Description="" Type="Path" Display="always" Required="false" Mask="false">/mnt/user/appdata/pgsql/config</Config>
  <Config Name="POSTGRES_USER" Target="POSTGRES_USER" Default="" Mode="" Description="" Type="Variable" Display="always" Required="false" Mask="false">postgres</Config>
  <Config Name="POSTGRES_DB" Target="POSTGRES_DB" Default="" Mode="" Description="" Type="Variable" Display="always" Required="false" Mask="false">ms</Config>
  <Config Name="POSTGRESQL_WAL_COMPRESSION" Target="POSTGRESQL_WAL_COMPRESSION" Default="" Mode="" Description="" Type="Variable" Display="always" Required="false" Mask="false">lz4</Config>
  <Config Name="POSTGRESQL_MAX_CONNECTIONS" Target="POSTGRESQL_MAX_CONNECTIONS" Default="" Mode="" Description="" Type="Variable" Display="always" Required="false" Mask="false">2048</Config>
  <Config Name="POSTGRES_PASSWORD" Target="POSTGRES_PASSWORD" Default="" Mode="" Description="" Type="Variable" Display="always" Required="false" Mask="false">ms888888</Config>
  <Config Name="PORTS" Target="5432" Default="" Mode="tcp" Description="" Type="Port" Display="always" Required="false" Mask="false">5431</Config>
  <TailscaleStateDir/>
</Container>
