<?xml version="1.0"?>
<Container version="2">
  <Name>Redis</Name>
  <Repository>redis:7.4-alpine</Repository>
  <Registry>https://registry.hub.docker.com/_/redis/</Registry>
  <Network>host</Network>
  <MyIP/>
  <Shell>sh</Shell>
  <Privileged>false</Privileged>
  <Support>https://forums.unraid.net/topic/69490-support-jj9987-redis/</Support>
  <Project>https://redis.io/</Project>
  <Overview>Redis is an open source (BSD licensed), in-memory data structure store, used as a database, cache and message broker. Based on official Redis Docker image.</Overview>
  <Category>Network:Management Productivity: Tools:Utilities</Category>
  <WebUI/>
  <TemplateURL>https://raw.githubusercontent.com/juusujanar/unraid-templates/master/Redis.xml</TemplateURL>
  <Icon>https://raw.githubusercontent.com/juusujanar/unraid-templates/master/img/Redis-logo.png</Icon>
  <ExtraParams/>
  <PostArgs/>
  <CPUset/>
  <DateInstalled>1744807881</DateInstalled>
  <DonateText/>
  <DonateLink/>
  <Requires/>
  <Config Name="Redis Port" Target="6379" Default="6379" Mode="tcp" Description="This is Redis default connection port." Type="Port" Display="always-hide" Required="true" Mask="{8}">6379</Config>
  <Config Name="data" Target="/data" Default="" Mode="rw" Description="" Type="Path" Display="always" Required="false" Mask="false">/mnt/user/appdata/redis/data</Config>
  <Config Name="REDIS_PASSWORD" Target="REDIS_PASSWORD" Default="" Mode="" Description="" Type="Variable" Display="always" Required="false" Mask="false">设置你的密码</Config>
  <TailscaleStateDir/>
</Container>
